Word,Entropy
raise,5.878302956493171
slate,5.855819244109515
crate,5.835215982633282
irate,5.832798880940905
trace,5.830429108079757
arise,5.8210234592829115
stare,5.80688862224977
snare,5.768678157325958
arose,5.767804897087288
least,5.751562008954044
alert,5.7442111889917635
crane,5.741011320165298
stale,5.738263819559774
saner,5.733998546845608
alter,5.713372336368845
later,5.7072872147747775
react,5.696507075549462
trade,5.683921221818492
leant,5.683771188478659
learn,5.652071208685768
roast,5.648431350783486
cater,5.648077618641169
aisle,5.635641642534595
trice,5.634291214967139
parse,5.630156106670123
scare,5.628408586744338
saute,5.622136469693717
heart,5.612255574516924
alone,5.6112819733074915
store,5.610713777559604
alien,5.607061114370461
share,5.605482704800807
grate,5.6047210710495
trail,5.593026690437362
siren,5.583845673538044
snore,5.577479792805563
caste,5.571255323961434
scale,5.563910699552496
atone,5.557454213254543
dealt,5.556164141615794
train,5.5529298468479045
renal,5.5528794995567425
plate,5.549894639384547
spare,5.549571447797366
clear,5.547450519432378
rinse,5.546185296262675
trial,5.538016935437211
solar,5.536945045928281
teary,5.535467398635832
shale,5.534500704764712
glare,5.530269109066344
pearl,5.526194184691448
stole,5.520214920281409
lance,5.517859349784818
stair,5.517320564951876
sonar,5.5160823718858945
canoe,5.514715531974432
tenor,5.512274265687147
crone,5.511593461135514
slice,5.511094657018499
taper,5.510731078664039
saint,5.5095388110541625
route,5.500778240784805
slant,5.492894363021006
tread,5.492115187959259
cleat,5.489422897356738
hater,5.486107120439382
blare,5.486044168394809
tried,5.481492792992092
steal,5.480910737390981
rouse,5.4738607499449135
plane,5.469476544808341
paler,5.465493640171359
loser,5.465312696390802
suite,5.461338253902717
tripe,5.460259278266673
crest,5.460207662676907
shear,5.455430856465423
great,5.452072779098322
sauce,5.450699755993675
shire,5.446799769446684
large,5.444680674047586
tamer,5.443269730191807
stone,5.437915024013526
noise,5.437553542587057
adore,5.434850993952365
lapse,5.430417867523894
score,5.430138131305711
trope,5.429282518528874
close,5.427638071462524
table,5.424744549624114
paste,5.423384514537076
horse,5.422079565531041
shore,5.42095042599868
truce,5.4173940252059465
leapt,5.4171084013262
earth,5.415427531501212
grace,5.414855010608605
risen,5.414603745935209
cause,5.410047227701636
aider,5.401911579147156
liner,5.401809933568492
drone,5.398303867644632
haste,5.397508067929169
lathe,5.396170711055797
carol,5.390655203708905
prose,5.389757152439059
yeast,5.388287086452309
brace,5.388203150410667
coast,5.385023153746124
clone,5.382912073668946
snarl,5.382804522544462
slain,5.382028401130772
spear,5.381130000093251
place,5.379099703719447
prone,5.3747875689677045
flare,5.3733545479713225
beast,5.372571022193974
realm,5.372178848086325
spire,5.371719517051858
satin,5.367209639208004
cadet,5.366649099189518
pleat,5.366593937023637
range,5.366515592567699
cairn,5.366075447753735
panel,5.365459011308028
meant,5.364453560084483
layer,5.3610328818884545
plier,5.359925660388844
leash,5.359286242106588
drape,5.357989312855898
stern,5.357984078678918
louse,5.35628262800828
urine,5.353589674430594
yearn,5.35297530088768
ratio,5.351355244310684
coral,5.349398416363141
tonal,5.3483065986455385
slide,5.347685761739007
snort,5.347268488147342
tribe,5.343809559998213
resin,5.342352966321437
arson,5.341245373690035
since,5.34050296021379
inert,5.339379039559706
clean,5.339066363864465
spore,5.33841450650841
lager,5.336683560265131
talon,5.335676270362989
snail,5.335182890284401
curse,5.335018155882452
cedar,5.334608744840709
triad,5.333485977297274
baler,5.332516581398931
salon,5.332514289752448
caper,5.330958422031464
their,5.329055629077323
stage,5.326712920670716
petal,5.324753213230229
enact,5.323893406721707
inlet,5.322781479078946
cruel,5.318053994587367
early,5.317580997012499
trash,5.317499986055722
price,5.317382878627214
smear,5.316396863706967
nurse,5.3149490275029665
laden,5.314855326196403
poise,5.3147261537810575
merit,5.310415747791617
islet,5.305513111978627
inter,5.305467880485703
baste,5.304690860304448
relay,5.304386077287884
spite,5.301199133583712
space,5.298102065057976
ramen,5.297076918920413
onset,5.296696142225693
heist,5.29613155013268
reach,5.292867611872597
those,5.292455795071533
dance,5.292143185423266
safer,5.292102243649777
cried,5.291803470194719
tapir,5.290559548162504
slope,5.289572265048204
sedan,5.28565189655059
pause,5.284753372774716
feast,5.284333574723998
outer,5.283972373822807
chase,5.283209966891617
peril,5.279773606186745
haute,5.278798676104679
stein,5.278120454911602
utile,5.2780159916323495
stain,5.27600043711353
tilde,5.275795285260069
slime,5.2749697613744235
grade,5.274356744723238
shine,5.272087032401772
spiel,5.270483227738673
shalt,5.270149258696775
agile,5.268849825748908
false,5.268453128915502
hotel,5.266941799498856
chore,5.260915266641409
regal,5.260572229431375
trend,5.260065391539159
eclat,5.259340353919471
water,5.2587347038022765
penal,5.258589943730717
farce,5.258262271655139
poser,5.257489871003645
shone,5.257051780120202
brine,5.254980120240422
teach,5.2544318456824035
anode,5.253772778850849
plait,5.253211897260576
heard,5.252432576997798
scone,5.25203076133539
cable,5.251872286477451
timer,5.250122062095976
borne,5.249577627174494
afire,5.248637269328012
taker,5.2475284001012845
grape,5.247309826001407
droit,5.246960013024892
drain,5.246618001063991
satyr,5.246280240550205
metal,5.244663392254327
smart,5.2432585226832185
grant,5.242673255586661
tiger,5.241763246781527
write,5.241178368087263
acute,5.236593164102713
delta,5.235866161792474
polar,5.235743224949379
diner,5.2341637479432945
bleat,5.232640182554796
smile,5.230827560903171
skate,5.229919084888963
smite,5.229032058363311
forte,5.227465931068336
crime,5.2274058740641145
wrote,5.219825730133149
artsy,5.218202991144533
actor,5.216654459962809
argue,5.216576079549331
remit,5.215448969343166
camel,5.213508957601339
scant,5.211768879113219
cutie,5.2107548755233095
sober,5.209851967048015
shade,5.207998774538806
slept,5.203281664827205
motel,5.202262491514397
grail,5.200497914802599
chart,5.200346710487446
purse,5.198383331948632
stead,5.197394332130204
spine,5.192206679911036
aside,5.191856633166496
phase,5.191584392307606
cream,5.191287487368035
feral,5.190563020103873
anger,5.189321273813294
smote,5.189314862675656
snide,5.189179098741288
paint,5.185385759679865
shape,5.185133915664413
short,5.183383501067851
nicer,5.182719323531341
plant,5.181169874574693
cheat,5.180961406014955
angle,5.18082534895914
anime,5.1782217172438605
alike,5.177813553306451
snipe,5.177013822685478
older,5.176441355774197
leach,5.17616105549428
worse,5.175021452957739
loath,5.1749823350129445
lithe,5.1746319368583995
waste,5.173989986951048
court,5.171907701641044
spelt,5.171690626885516
shirt,5.171476669397438
miser,5.170524589787065
heron,5.170367548900961
prune,5.168965640776695
swear,5.168456662970025
rainy,5.1678206282073935
unite,5.167526291892287
payer,5.167078272893784
pride,5.1652827822891645
goner,5.164989232186845
crept,5.164582326460584
pried,5.164418376468028
ripen,5.164363392588257
crave,5.163205052927666
relic,5.163127768714439
salty,5.1610515737968
stake,5.159314660274014
death,5.158971406367807
molar,5.15672715952146
glade,5.155879615339591
cider,5.155727214134359
acorn,5.155276155390064
scent,5.15352749167128
stray,5.153169383921089
sepia,5.152826047913556
valet,5.1525040383467955
salve,5.150131462779843
brute,5.149158727064335
recut,5.148318157835132
spade,5.146444754648557
lunar,5.144713276981637
beard,5.143825772805662
after,5.142562091002879
boast,5.1405264612507295
ready,5.1401681886513435
gloat,5.139478921993485
angel,5.137114686868097
chair,5.136667158556862
drake,5.135206592809233
shame,5.134955085487862
swore,5.133158717380435
snake,5.133075125746666
harem,5.132142964291155
carve,5.130888006315979
metro,5.1300423401332225
shoal,5.129406527245087
moral,5.128006143286007
recap,5.1276582772362485
surge,5.1272830899049495
miner,5.12662027655625
print,5.125447996848414
horde,5.12468339270444
grain,5.12414712623694
style,5.12267104517123
royal,5.121777024676074
super,5.121018667020179
blast,5.120061798093614
spice,5.119856437946156
sport,5.117631755274367
unset,5.116421787502517
trove,5.114740277249378
barge,5.114311352137086
blade,5.11340604911036
manor,5.113363791536633
nadir,5.1116629264683695
decal,5.11089816007587
glean,5.110895396657257
crust,5.109628961318279
wrest,5.106447148595741
flier,5.105467014358199
smelt,5.1048209397792315
email,5.104033677183736
maple,5.103991540965193
untie,5.103258665983976
strap,5.101305211100957
groan,5.101196787216843
house,5.099504549481004
crash,5.099438732766665
comet,5.0991838421501345
copse,5.097197996592672
singe,5.096638995673321
tease,5.095737772674355
bloat,5.095590411641323
rouge,5.09532787270168
roach,5.094483595623831
gruel,5.0943764598100945
brain,5.094137962016193
sweat,5.093927269082773
rifle,5.092986016385743
abort,5.092671748172644
steam,5.091717797614738
filet,5.091642303756262
fetal,5.091132058267948
reign,5.089870551158825
agent,5.087045141930306
taken,5.08571459715622
avert,5.08567917855774
rayon,5.085477199824471
crude,5.0854113748059016
chose,5.084856878866388
splat,5.084754825602602
spent,5.084718619839485
tidal,5.082976343939938
pulse,5.0822129306749355
ulcer,5.081959027959212
prime,5.081368380710868
gayer,5.0796101317247055
tower,5.077442780716045
hoist,5.0772476511068145
facet,5.075191785280718
opera,5.075132504467867
sower,5.074520248164662
torus,5.073220496943432
skier,5.072251446441525
labor,5.071936220395836
plain,5.071417023331599
staid,5.070872254842307
guile,5.070078307459999
erase,5.069717625838203
giant,5.069269616823117
debar,5.0687423177504805
cameo,5.068125483817901
dream,5.06797222512153
alive,5.066754165526358
serif,5.064645600968632
ultra,5.064606590121935
stave,5.064439572438219
frame,5.062013815526714
refit,5.059878290659237
olden,5.058772591367003
force,5.058197090670471
idler,5.057742471545852
decor,5.056892500142631
rogue,5.055966657901748
credo,5.055225939710955
radio,5.054418908754688
erupt,5.052472208657307
frail,5.050894968308691
bread,5.049981321930944
adorn,5.049962063267979
plied,5.048917433962656
baron,5.048518223733796
bathe,5.048499839555114
pedal,5.048469065543689
repay,5.048437682351818
amuse,5.048229432325638
thorn,5.047635001515902
other,5.047598782486903
gripe,5.046980147357446
flair,5.0463676508222655
raven,5.043239811933582
sloth,5.040517492851527
lease,5.03903523213467
hoard,5.038622038745284
pecan,5.036706013394591
gamer,5.036513371008342
bride,5.036392904625327
shied,5.033982270631626
ocean,5.0336488698816835
mealy,5.031668097685887
stand,5.031582719291662
mouse,5.0306916522172695
filer,5.030305288815352
craft,5.030105680218205
dirge,5.029339127470464
trawl,5.0286755805061
rivet,5.0281492292490455
boule,5.02744315549757
apron,5.027405945870528
retch,5.02664583722424
grope,5.026425442875173
moist,5.025482177743446
snout,5.024989361665722
dairy,5.024379912798317
tuber,5.02432721051781
towel,5.0216769932026395
matey,5.020343066608397
story,5.0200382245619934
opine,5.019594145123625
creak,5.019342810585986
blame,5.019035429556831
point,5.018935491889254
ideal,5.0177817964533835
shorn,5.0173979263888295
spilt,5.017126457897291
guise,5.016454711258328
treat,5.016155512344607
chant,5.016102595776253
scorn,5.016075832911029
plead,5.015535372881669
meaty,5.015237478452955
ashen,5.013025573650729
waist,5.01255963958633
noble,5.012317603592615
delay,5.01176124113338
ounce,5.010797441323463
pesto,5.0104910603134325
diary,5.005588783695071
bluer,5.004524376657533
party,5.004062807175248
tardy,5.000344593928709
ankle,4.9980073500013855
clout,4.997730515235475
solid,4.997202427240162
terse,4.997164372989584
grime,4.995226497066229
pilot,4.994283567221261
elate,4.993164724696616
brake,4.992552916126143
shard,4.992197737090697
daunt,4.991136390346434
scary,4.990889444419102
probe,4.990472820627308
broil,4.986344480776548
twine,4.985795426393485
ascot,4.9851359353748
sugar,4.984284830409587
swine,4.983964428484841
serum,4.9837125466013585
trite,4.983492812713924
hairy,4.983164757013349
wiser,4.981850957738595
scope,4.9816430015418485
cigar,4.980378686218994
clash,4.977190611498073
float,4.9770657125177165
nosey,4.9763107161055995
weary,4.975199481422973
finer,4.9751290799164405
naive,4.974875874950634
whale,4.974500988793243
posit,4.9741498758851135
choir,4.973242695554531
voter,4.972920377683256
abuse,4.972120749558892
ranch,4.971271617219495
savor,4.969629430395361
frost,4.967325133730298
medal,4.966702363346715
patio,4.96642038858541
faint,4.965913563249394
octal,4.964969594216954
intro,4.964773944801766
organ,4.9621042535399615
lower,4.961897934360088
count,4.961057501048147
chest,4.960810539930652
ovate,4.960758302671986
north,4.96073391249596
solve,4.9601554737540905
shake,4.9596857804639445
phone,4.959277513359461
slang,4.957641875434564
torch,4.956885562383931
prude,4.956520623999311
orbit,4.956159079377018
spied,4.955775458667144
haunt,4.954335644053739
clued,4.95392545656043
ridge,4.953315063862509
rebut,4.953132290006279
clasp,4.951830104030174
ample,4.951236595036848
scour,4.949814942961795
strip,4.9493015936977995
entry,4.9477154429046095
eater,4.947699664716087
melon,4.947480456688695
wrist,4.947396492665673
cargo,4.945546896528857
glide,4.944599720988464
split,4.942430798031845
groin,4.942168407217276
bagel,4.942018681901581
crony,4.940477174079174
worst,4.939587652033818
latte,4.939249134431575
stark,4.938298003077445
craze,4.938293256399875
irony,4.937719007358793
stoke,4.937691762939528
front,4.937661496307487
steak,4.935593328767631
piano,4.935242747843439
mince,4.93519708005291
grout,4.933894660891444
board,4.933732061100756
peach,4.933110744054945
sharp,4.932419643524641
homer,4.932217830089239
spoil,4.931935421076836
guest,4.930409097993959
grave,4.928091564360035
first,4.927573377661452
basil,4.927520502957076
sleet,4.92723566581265
marsh,4.927078657261316
aloft,4.926641351918752
setup,4.926056547272825
chute,4.925787498429501
coupe,4.924990763171158
daily,4.924069927825321
baton,4.923688249948154
suave,4.92230650970467
mange,4.921482040344742
model,4.920662668164142
flirt,4.920167509976415
fried,4.919598308449699
track,4.918854485990657
adept,4.917918330624443
scaly,4.917250719447683
deity,4.916759641359105
truly,4.916076995661512
tonic,4.915772538376148
acrid,4.9152160041399915
uncle,4.914237070908502
align,4.911672220020044
tramp,4.911393154508264
taste,4.910461910410353
flame,4.909516223675032
scald,4.908793326309081
terra,4.9085143173460075
lemur,4.9077405418039435
corny,4.9071069261672
curio,4.907033832607153
sonic,4.907011036079035
braid,4.90659169124318
state,4.90627405748749
scrap,4.9061062225765815
token,4.905765603880232
upset,4.905000410930274
lemon,4.903975085562449
depot,4.903866218122515
berth,4.9035202697977445
sneak,4.903240747541955
draft,4.902570227933352
scion,4.901977285667654
daisy,4.90180104101437
minor,4.900736597359247
twice,4.900375546528515
sinew,4.900274071009897
cower,4.90000597082441
chain,4.898979222105767
navel,4.898775824968076
grand,4.89821363431549
claim,4.898012894609876
plaid,4.896979724288237
broad,4.896030433516788
lover,4.895145780382104
begat,4.894557324271328
storm,4.894279761853249
cease,4.894187127224595
abide,4.89357299920942
brave,4.893482599781886
flute,4.892997438237534
nasty,4.892383439632842
latch,4.890983493144795
mural,4.8900511857015205
trait,4.8898181310860425
valor,4.889384312318375
rapid,4.887023111618575
reset,4.886862524557497
tango,4.88616252421257
spurt,4.886014714292012
mayor,4.8852601315433155
antic,4.884227308703007
spray,4.884193282325507
audit,4.884057709942019
rhino,4.8830695832119355
sadly,4.8823367314360135
inept,4.881241606725084
croak,4.880668895331336
lodge,4.879420507015757
adult,4.879185892072012
crisp,4.878565881837307
usage,4.878267512734384
mason,4.878242827183599
stoic,4.878142741185007
oaken,4.877583094975887
abled,4.877487260206583
value,4.8767203893075015
brash,4.876680994343068
soapy,4.875621098133493
flora,4.875266584307869
gaunt,4.873633516252519
wager,4.872882938279294
macro,4.8720008095443115
edict,4.871865869891994
foist,4.87142495014329
skirt,4.870751060357076
fecal,4.870340416046632
abode,4.867953429361448
angst,4.866340665088708
fable,4.865925895335312
grasp,4.865878354902431
today,4.865685085727692
liver,4.86546728900629
ralph,4.86532529400582
brand,4.865287589421813
stony,4.86465486941638
south,4.864546684333604
shave,4.86377168129803
along,4.862433656734607
scout,4.862409950570063
amber,4.861623520835697
dunce,4.860623236007211
under,4.860277613842719
tepid,4.860201085695621
cagey,4.859438058566976
scalp,4.858842257373704
glint,4.85855166492555
crawl,4.857326516443991
stalk,4.85589230594549
straw,4.85561497339573
verso,4.853905409520955
amble,4.851186756026177
shout,4.851173829442079
poesy,4.851009313420327
surly,4.850228168388312
aloud,4.849443006986363
third,4.846992792336937
chard,4.8451182995912
tonga,4.844801012318456
tarot,4.842649684061343
cobra,4.8415931347049606
lunge,4.84110726072821
piney,4.841057045147217
scram,4.840446044206978
noisy,4.840199223524924
adobe,4.8395074217359735
honey,4.839492329773344
unlit,4.83850068869557
reply,4.838178884760254
stove,4.838177397094425
chide,4.837758900981582
round,4.837188076964274
tumor,4.837041929968242
patsy,4.835734941215097
randy,4.834883755961785
fault,4.83371971897118
gaily,4.833301535278567
cloth,4.832679916119365
crank,4.832247244445107
piety,4.831072836540543
drive,4.831046980835914
weird,4.8307891038244755
moult,4.830653265101347
rehab,4.830153379454785
basin,4.829880584246981
palsy,4.8297937973552125
covet,4.829477963664729
maker,4.828504063913902
purge,4.826169798166858
wrath,4.824615223013383
image,4.82345845642182
burst,4.8227738045603035
saucy,4.822210738762161
forge,4.821560017146676
cover,4.820650404527471
liken,4.819648486920744
perch,4.819239598463371
chaos,4.8191408547946155
halve,4.818868748361813
guilt,4.8153732094556085
wheat,4.815340090325429
lurid,4.814795530884646
drove,4.814198999558676
slurp,4.811700106580964
arena,4.810640701172279
grunt,4.810387324049698
debit,4.810076049156929
gleam,4.8093027061335825
overt,4.807919924949186
grief,4.8074649153161015
title,4.807128143867594
lumen,4.806717205000792
easel,4.806706946490834
owner,4.806473975081997
leafy,4.805725245616867
voice,4.805341807588725
robin,4.805120713716078
eaten,4.804743193202798
felon,4.804387268487574
clove,4.8038004947204405
olive,4.803758457973271
blurt,4.803528884538819
shrew,4.803241174523275
chafe,4.802949407656407
viral,4.802924307650498
caput,4.8028613800108015
threw,4.802657392634163
fruit,4.802363857185681
graft,4.8015399270039065
elite,4.801488812239805
screw,4.800174944677477
baker,4.799370191029402
cleft,4.79872268263526
golem,4.798161906269508
twirl,4.798009270796303
amend,4.796868183109069
prove,4.796772987438724
clerk,4.794902979412635
donut,4.794239916687734
raspy,4.794060668241053
rabid,4.7930415100482096
beach,4.792088897949576
until,4.790849828962562
while,4.790649125919074
brunt,4.789469708901194
steer,4.78918278679422
niche,4.788736972087037
clang,4.788350749881499
fairy,4.786967329950506
swirl,4.786911695743914
dirty,4.785971468301078
sandy,4.785798659283352
unmet,4.785749686617303
money,4.7825312491210825
tense,4.782103968872494
spout,4.781841850251279
thief,4.780796728509666
decay,4.780392822695836
media,4.780389111801165
broke,4.777130497341005
globe,4.776893655823269
shunt,4.775298089139916
built,4.775009399825683
inlay,4.775007912977564
break,4.77479471517868
white,4.774364168025367
knelt,4.774335719918661
aunty,4.774181390699239
pansy,4.772341015480974
stank,4.772193335618684
infer,4.7708078416425685
broth,4.769856495427703
yield,4.768894338961148
sperm,4.768414481765488
loamy,4.76783554701172
whole,4.767288712178782
gland,4.76656821561816
cheap,4.765589927518155
fresh,4.764893017034015
mourn,4.764743543939577
tubal,4.764582499695462
biome,4.764163976680648
leaky,4.76376376175991
bilge,4.763597078125492
wider,4.763114658767
burnt,4.762661670842361
lousy,4.762637030241941
brief,4.762606400877279
power,4.761780548050717
hinge,4.7612393138263664
nerdy,4.760946505004772
deign,4.760342358715848
pasty,4.760003599095622
habit,4.759708910454546
chime,4.759570487699658
sound,4.759315483476232
china,4.759236635322402
stork,4.758858837605528
foyer,4.7582073957258375
wince,4.7577355684339375
cabin,4.755960723790252
exalt,4.755335981497681
usher,4.755303001445107
boney,4.753907075211288
pinto,4.7523910776363785
carat,4.752277965334167
reuse,4.75210778342266
relax,4.751602384218069
poker,4.75032183651671
warty,4.750189018892653
racer,4.74859366001534
sneer,4.74832089814879
slack,4.746895291063413
crier,4.746632771897796
panic,4.745657398302939
rival,4.7450857914060345
horny,4.743293286051099
sling,4.742690016986585
shark,4.741955504007146
drawl,4.741537322907031
novel,4.741269091619895
modal,4.740732512311303
whose,4.740475040154573
drank,4.740413620105547
march,4.740305124904186
loose,4.7394436024866025
croup,4.738059055187319
heady,4.7378051459348685
mount,4.737566464384302
flake,4.737238353535224
adopt,4.735950884427016
parer,4.735855171826096
foray,4.735775956101375
toast,4.735340011064727
tract,4.735151201446569
final,4.7348030081632455
urban,4.734711914249041
mercy,4.73390920778836
guard,4.732374093508515
hyena,4.7317751471147895
often,4.731368274080044
mirth,4.731095627287814
tiara,4.730722697924645
steel,4.730368253721746
began,4.729008191581964
decry,4.727802732469135
altar,4.726283140057057
dowel,4.726276219847951
hasty,4.726087527065587
flint,4.725810984985962
fiery,4.725743510174803
login,4.725606821067436
glory,4.7254212216995635
rusty,4.725316954234513
demur,4.725244470363387
aptly,4.724542874468953
truer,4.724162636993893
scarf,4.7229279481949815
gavel,4.7218348079674275
prank,4.720738423079455
start,4.720705798586973
cramp,4.720390239676632
scold,4.720074437583678
faith,4.719302003436233
spend,4.719003183404456
sworn,4.717254100098496
spike,4.716983527614665
guide,4.716934276822931
wafer,4.71674934745038
plume,4.716733894921998
charm,4.716685410136408
trick,4.716631127432232
girth,4.715563264341791
bland,4.714776442163916
rebus,4.7143799208153245
tulip,4.712617380277943
cloak,4.712424443668066
crush,4.711162665961136
shaft,4.710623642809518
three,4.708658985416655
flyer,4.708485442522967
scree,4.708253872874634
riser,4.70711085341266
vault,4.707099160437576
grove,4.706420484574236
could,4.70506088838582
spurn,4.704432235089991
tangy,4.702846563689153
curve,4.702417303755402
azure,4.701182596914439
graze,4.700971791209529
ombre,4.700465548294774
asset,4.700330367292118
corer,4.6999911660362805
salvo,4.698713844176929
gonad,4.697182335392986
drift,4.696789412404821
vital,4.695652190410626
dicey,4.694392725512928
whine,4.6929320297646795
manly,4.691997341605016
badge,4.6911796059187925
drawn,4.6906155359393376
haven,4.69032434547698
bacon,4.688028678138714
elfin,4.686028921400575
about,4.6852914359853
birth,4.683538057578958
freak,4.683398211704842
clank,4.6830153788307705
prism,4.680890679352285
demon,4.680577116178935
denim,4.680434161213732
gnome,4.67931423982575
mower,4.677867249325301
taint,4.677111741475711
diver,4.676724356369425
amity,4.676669601513246
chord,4.676084358936262
hover,4.675882852847594
inane,4.67540260084698
tunic,4.675046517698833
froth,4.6750201087976935
flour,4.674213861312432
spoke,4.672847124896202
aorta,4.67238955578277
curly,4.672338810062295
proud,4.672024207658925
spark,4.671743789895451
surer,4.67167529698372
hotly,4.6714785977436515
speak,4.67077031134422
coven,4.670048003127343
micro,4.669520692514596
ethos,4.668326148807331
blend,4.6673187814622725
ovine,4.665940172114217
patch,4.665320389665451
ladle,4.663252112830963
dwelt,4.662506449492849
retro,4.6604248765527645
topic,4.660149242233317
girly,4.65992461802773
slink,4.659687832719091
grind,4.659482219297919
angry,4.659229458312048
vicar,4.6576607123580125
gnash,4.657432632096822
cloud,4.657329691136261
slimy,4.655940403524536
field,4.65583241172206
shove,4.6555375384657935
fiber,4.653451579700116
prawn,4.653049532836155
binge,4.653035373507209
shiny,4.6528811479342895
visor,4.652705196436469
there,4.652153649380731
buyer,4.652071884823792
manic,4.652057505924716
tempo,4.651487048004303
beady,4.651101171050131
greet,4.65085726503282
neigh,4.650539410599781
flash,4.650083803828634
voila,4.649917292146642
wreak,4.649224180653426
hardy,4.649032941659515
incur,4.647996164687085
erect,4.646898486227035
touch,4.646619907070372
turbo,4.646173514583047
impel,4.644168604743758
fetid,4.643981227410995
focal,4.643474891049898
porch,4.643129831665686
ghost,4.64184645849802
primo,4.641273747382492
briny,4.6397670377948685
troll,4.639198544468453
dopey,4.6387577697081825
wield,4.638348203523268
bloke,4.638311643100216
forth,4.637916617614727
cavil,4.636185406203161
locus,4.635088849355891
swath,4.635042707184622
roost,4.6346226663855905
bison,4.634068959078303
cyber,4.633689080754068
peace,4.632767017525722
spree,4.6320028167738725
graph,4.631324341582543
tipsy,4.630583811466845
drier,4.63009400840485
sting,4.629378057783525
stack,4.628156761853761
midst,4.6278681919337155
flesh,4.627015892972838
agree,4.626389851753944
churn,4.6256153586754385
stamp,4.624799633181199
crypt,4.623529819948404
flout,4.622568034513597
blunt,4.621203543611708
vaunt,4.621037776503921
smith,4.618877053177371
harpy,4.618592444664198
throb,4.618520672699421
admit,4.617513993626192
hovel,4.617311363014772
beret,4.6166211841688725
fraud,4.615867701373519
shawl,4.614945164501267
right,4.614890792621111
viper,4.614494646076012
eight,4.614092406823701
smoke,4.6121548861578825
prong,4.61143286502596
vapor,4.610025606610916
shelf,4.6090717378771435
lyric,4.608957776384935
lurch,4.608028595363875
deter,4.60745523067415
trunk,4.606616173341203
sheer,4.605418775825731
noose,4.605275626056129
viola,4.605252448191463
forty,4.604608008959316
welsh,4.6045750203692695
tulle,4.604121812405423
candy,4.603579537563577
mover,4.603442182515162
lusty,4.60330330278925
basic,4.602744249445585
waver,4.602657943978467
rhyme,4.602393858800778
notch,4.602060557727099
debut,4.6020029843819374
ingot,4.598903715225827
abhor,4.598528516418663
sheet,4.598443141852137
prize,4.598040613786282
sheik,4.597724931614634
widen,4.597695560586225
crown,4.597367056367458
swept,4.596370340052197
disco,4.595888106658933
bleak,4.595724614711989
waive,4.595581216602357
rearm,4.595265860587794
gourd,4.595149523301617
shady,4.5944030716301025
thank,4.593539079038631
bugle,4.592816146893277
worth,4.5927623299352645
eagle,4.5922890410194785
total,4.591852272801902
audio,4.590283746704056
brawl,4.589917308802057
sprig,4.589021739531566
erode,4.586684624654004
allot,4.586142309517538
otter,4.585003745089747
snack,4.584797526141009
paper,4.584734782351037
maybe,4.584297532235364
stall,4.584065376003354
chirp,4.582471209445652
bowel,4.582128040639802
swarm,4.581816234860023
glove,4.581743140905438
shank,4.581742009461441
agony,4.5812387859893
hyper,4.5804635889347525
giver,4.580257890767317
frond,4.579431663449587
nomad,4.5791854894957815
enter,4.579176582896328
decoy,4.578419772173037
world,4.5780568203517475
glaze,4.577917570041148
lingo,4.577223810309099
match,4.57667798117836
caulk,4.574863908658558
fetus,4.57083583025944
chief,4.570626214898673
plank,4.5702321201385985
befit,4.5684893877708665
spiny,4.568437248368481
dread,4.568275294320409
knead,4.567323325133704
unity,4.566550022436759
clamp,4.566471956892073
preen,4.566268119964772
bulge,4.565754994102855
tawny,4.565698514014259
psalm,4.5642465425319525
depth,4.564202833430175
eager,4.563722941589378
evict,4.562797851801419
slick,4.56131654979996
month,4.561023039781314
fiend,4.5604497263263735
choke,4.559815845994181
aware,4.559505630044179
laugh,4.558987546415259
anvil,4.558961525218774
algae,4.557734091612974
cling,4.55727476514641
agate,4.555955884591148
extra,4.555006210394398
linen,4.554898390567388
stink,4.554564787300302
bused,4.553112873927256
dried,4.552681798594095
thyme,4.551927194084864
sight,4.551738020332286
masse,4.551632067994811
child,4.5514818399513794
devil,4.549763600053393
being,4.5493064823536065
maize,4.549219658100531
chasm,4.549175612793448
movie,4.548899490300522
sumac,4.5488811659808075
synod,4.548809888625233
lefty,4.545565240294119
exact,4.545151057294813
suing,4.544697040607112
lapel,4.544148053300125
shirk,4.544041422788606
hazel,4.543328973262824
gazer,4.542958639233849
begin,4.540638530135062
epoch,4.5404269052334305
ruler,4.539422519567681
bicep,4.539171085332865
rough,4.5390621714195785
sword,4.536148574782722
atoll,4.536032831791625
ethic,4.536012856376072
abate,4.533979940849058
alley,4.5339663677002395
awoke,4.533700650420361
mauve,4.533279647681577
ester,4.533106304688095
vista,4.5326666597986005
apart,4.531578907280366
slung,4.5308371111945265
quiet,4.530254674525779
vocal,4.529568290306875
brawn,4.528770052854684
batch,4.528256255092824
prowl,4.5280546932260375
belch,4.527569098495816
blond,4.526500884392832
torso,4.5262176184622165
blaze,4.525793386573893
derby,4.5252687113026155
gusto,4.5234912606878925
gamut,4.5228769115574154
savoy,4.521473645744338
humor,4.521240194484212
logic,4.520838359752611
afoul,4.520531090471031
exist,4.520500248847638
yacht,4.520263212037805
heath,4.519085120920336
women,4.518557512961575
crimp,4.518158355164432
drink,4.517453160026919
sleep,4.517391181575596
pouty,4.517162807916189
meter,4.517073519391541
rebar,4.516549639690136
snaky,4.516532869699473
shift,4.5165178417543315
group,4.515707825263871
feign,4.5154892414460415
datum,4.514206214744792
quart,4.512855472931096
duvet,4.512754758604443
midge,4.5097417040889445
truck,4.506972505291678
whirl,4.5064029098367975
spank,4.505702699493204
throw,4.504650021253528
creed,4.503113261849154
frank,4.503111467219345
vegan,4.502510903495473
doing,4.501819437738689
genre,4.501277592507667
nudge,4.500564048476988
these,4.500419154836841
repel,4.4995064782816865
crass,4.497103439034417
above,4.4969075548322
thong,4.4964231652971955
puree,4.494398717899711
trout,4.494164560783263
vague,4.492782416931562
ebony,4.4927228228058445
brush,4.489113046545974
blind,4.4884822463034215
rider,4.487361532282932
abase,4.487170678841404
dense,4.48660552175723
drown,4.486545986233637
trump,4.48498903749595
guild,4.4843068460407975
ovary,4.483580295886097
valid,4.483480296594324
plush,4.48341947722842
bigot,4.482896071777134
inner,4.482795601484838
flume,4.482783969454643
lucid,4.482748453428988
sigma,4.482555816561126
joist,4.481520872356425
elect,4.481130318594871
madly,4.480972296186375
spicy,4.478960612549413
titan,4.478526317751168
syrup,4.478133401064483
niece,4.477494191191621
omega,4.477375214704218
femur,4.4771988075337665
quite,4.476642736252304
mouth,4.476206424536899
mango,4.47604129033232
aping,4.475277244798402
light,4.4749757708076405
medic,4.4747860013771295
leper,4.474014128300129
bravo,4.470009950876119
minty,4.469770027734969
elide,4.468606671709718
natal,4.468456281116497
green,4.468309689952109
tough,4.466274239690045
crepe,4.464744462576605
sheen,4.464446556897993
apple,4.464239942700579
tweak,4.4639127220751105
cress,4.463714389437549
birch,4.462209141802643
clink,4.461080103251513
tacit,4.4606206195171945
lanky,4.460416555404237
pound,4.460323912504558
video,4.460157390728378
scene,4.459583244138123
quote,4.45944086390119
bench,4.458738345394388
thrum,4.457147733418443
hound,4.457060600818345
input,4.456490422338439
scrum,4.45631016163045
ardor,4.4561602577051875
chalk,4.454940128413636
badly,4.45458590350543
slunk,4.4541893512602435
trust,4.452251720500818
optic,4.450855390030464
admin,4.450676616138569
taunt,4.4501473045174
bring,4.44978782270305
handy,4.447880420478923
shrug,4.447684398748188
riper,4.4472111672038235
youth,4.447188062422378
growl,4.446051827353356
elder,4.446000479952269
creep,4.445657292126187
stilt,4.444894473330774
leery,4.444743975871824
clown,4.444546551006778
eying,4.444373664183513
thing,4.444319490451286
ditch,4.442592638972234
polka,4.441121601880326
spawn,4.441056043147131
doubt,4.441031799341069
label,4.440925498421483
pitch,4.4395925287381415
siege,4.438482292244121
blank,4.438306777262193
rerun,4.437393414770343
rodeo,4.4360459543212345
utter,4.435129361037005
order,4.433629218487468
scamp,4.433135019944126
knave,4.432629026152327
scowl,4.432443041716166
canal,4.432135692667859
stick,4.4320081961030375
rural,4.431871631497381
stock,4.431718140508683
crowd,4.431687558542645
zonal,4.431219641793324
gorge,4.429834722732892
brisk,4.429290037324085
favor,4.428823174259607
stomp,4.427357992173379
build,4.4273418600342795
posse,4.427172848243324
elope,4.424631641447579
fetch,4.424441833007131
belie,4.423769226207774
ghoul,4.423641214141119
lunch,4.423313893673367
among,4.422539003843051
covey,4.421333474902473
morph,4.41998413978763
bonus,4.419936718295816
burly,4.4199044926735125
tithe,4.419815076259097
moose,4.41857564224123
smirk,4.417878520990908
retry,4.4173836396745
filth,4.416979650043653
perky,4.416673746354353
roger,4.415747311964016
given,4.415616141096083
lasso,4.413476376261738
steed,4.4130617345614205
stung,4.4127875152542115
below,4.411666232667066
cheer,4.410580443849364
tying,4.4098841158139415
beset,4.409348664350908
ratty,4.408605125358575
welch,4.4086001762455185
heavy,4.408547601706747
betel,4.406437027176059
creme,4.405345894751507
rebel,4.405286561646841
joint,4.404332053028201
watch,4.404138094837982
nasal,4.403722039141684
briar,4.402125453175009
cello,4.401388021740242
still,4.4001163111780714
silky,4.399553959743354
minus,4.398193304249126
prick,4.396551069956545
egret,4.395526796934241
tutor,4.395331492124794
rupee,4.393650247814219
theta,4.392966562169613
shall,4.392739043326564
flask,4.3922203643067785
goose,4.392219797090103
lofty,4.391301532609195
piper,4.390856966865734
stool,4.390723449018264
twang,4.388568174134086
bribe,4.388139763446045
shack,4.387969463981359
wagon,4.387898374211348
color,4.387332230904785
newly,4.386457611883751
grimy,4.385248736559851
cumin,4.384052720240872
fancy,4.383591637425777
genie,4.383307277524781
harsh,4.383207011087103
diode,4.383133640286441
liege,4.3828521661262
salad,4.382713330126768
human,4.382341632412204
mound,4.38025893645964
pixel,4.379305558118459
payee,4.379286820173042
leave,4.379033192776506
phony,4.378984013645346
nobly,4.378933000892914
think,4.37842520902108
apnea,4.376957128248363
piece,4.376861961262942
extol,4.375274726703294
fleet,4.37418703091369
shell,4.3741516033220185
brink,4.373102952862957
prior,4.372619918760014
pivot,4.372183712788878
steep,4.369739509695782
cache,4.368968756928667
armor,4.368503025002336
macho,4.368219467055064
class,4.367501455751185
legal,4.366912258565388
woman,4.366492877232124
quest,4.366142737651509
tacky,4.365148131746914
semen,4.364438354287197
study,4.363696186598283
wrong,4.362660505040376
totem,4.360225072578173
alarm,4.359455212779907
dingo,4.359358401469194
blush,4.3592962120177825
dusty,4.358409763310522
grown,4.357974851767336
pinch,4.357495711461762
risky,4.356975337492612
purer,4.356379928153817
circa,4.354309673554929
shaky,4.354230106127754
shrub,4.353761153655715
octet,4.35370712524946
dress,4.353332241748129
rally,4.352191226648307
botch,4.350905400896425
godly,4.35080059264177
droll,4.350709614086114
scrub,4.350169790425382
sewer,4.348747383711719
stunk,4.348426158164358
hymen,4.348412100019491
wrack,4.348392173341249
knife,4.346939327384565
vigor,4.3468254112669
sally,4.3463316881049385
vowel,4.345838408466908
clung,4.345221216421616
lying,4.345060895954515
motif,4.343371350593814
stint,4.343156188854502
tally,4.3431198742770905
squat,4.34300994038797
sauna,4.342900762174445
magic,4.342386187598628
slump,4.3420844912534
serve,4.342058662225459
press,4.340723355963746
gravy,4.3396737624075925
jaunt,4.338740142067
froze,4.3384194058085805
canon,4.3377954463550585
virus,4.3376269418703615
drool,4.336065546108738
carry,4.335489857946851
drill,4.334859390615069
bound,4.334830361785104
slash,4.3343644690808505
shown,4.333979228632658
juice,4.333840116690524
fluke,4.333160806225158
night,4.333130547380079
pouch,4.331681837002098
avoid,4.331645527366477
boxer,4.3296478957142295
sorry,4.328747667969396
flank,4.32844317593967
frisk,4.32841513244169
vogue,4.327966272714162
verse,4.326372581266499
brown,4.326220902678444
hydro,4.325482530815186
gauze,4.325402858423991
balmy,4.325144215944007
begun,4.3243364888264
dozen,4.3242026218447975
wring,4.323411749570391
mogul,4.322941345871302
swami,4.321821265947285
exult,4.3217686249371825
imbue,4.320314868952468
arbor,4.318141453187631
toxin,4.316928055508136
troop,4.316805640697996
recur,4.316791995588535
woken,4.316436895018254
drunk,4.316424656286861
snowy,4.316280463493689
speck,4.314964197543073
mocha,4.314641735507157
scuba,4.3132464715882755
black,4.311961303427139
unfit,4.310674682042419
sweet,4.310372597315899
local,4.309414563061574
vomit,4.309301960844091
crazy,4.30678249835725
tenth,4.305295344978773
crump,4.30521885859835
zebra,4.3048412773400635
aphid,4.30466886267256
bayou,4.304049732645968
pence,4.303751221795367
friar,4.303295975749431
axion,4.301697778766849
smack,4.300896612805897
ether,4.300690556540961
venom,4.300339775608487
spell,4.30033360221687
amply,4.299303957985578
would,4.298310191841891
strut,4.298220255372738
ruder,4.297883247037491
major,4.297596238194467
mangy,4.296967969595641
weigh,4.294756281606801
sleek,4.294322781563411
wreck,4.2940244904776925
dimly,4.293466359276806
cross,4.293452008313029
gaudy,4.292109146938577
ivory,4.290861790717266
pithy,4.289260084154009
askew,4.289132078931296
foamy,4.2880460664088895
musty,4.286938285667951
greed,4.285885254535673
equal,4.285579529849854
music,4.283472515766589
moldy,4.28333567323735
gusty,4.281243224785286
album,4.28068844517256
grass,4.279937852832815
unfed,4.278714901022682
ensue,4.2776782508611895
elbow,4.27743689486602
truss,4.27657961057762
gauge,4.27500479812136
budge,4.2720643363539255
hence,4.269674545218204
tryst,4.269588110323887
brick,4.268875881136894
wooer,4.268234585008715
aroma,4.265668381440393
hefty,4.265644830679001
woven,4.265606176977556
sever,4.264436191098689
cough,4.2635575991546775
detox,4.2635203644092385
wordy,4.262810794644162
forum,4.2613043786955505
dowry,4.261298318580751
rumba,4.26103231590187
shoot,4.260982109538552
whelp,4.259464500489804
fluid,4.258950576636227
joust,4.25819031935853
endow,4.258099286092382
dutch,4.255485186629899
libel,4.25473344185164
ought,4.252415884615991
flush,4.251810398849395
lorry,4.251546242444607
elude,4.250902708036599
small,4.250094540688318
adage,4.250013756784175
swift,4.2490853200681356
donor,4.24890363362921
tasty,4.248113009747114
segue,4.247729370999388
quail,4.247316218000759
rocky,4.246985062446907
hello,4.246605772754176
breed,4.246000090203476
deuce,4.242923409173042
champ,4.242220893233046
testy,4.240165039737709
quilt,4.239918614347774
borax,4.2388211228512915
helix,4.238102824253049
unwed,4.237476089511961
climb,4.2364561864610595
smell,4.235699346508551
dogma,4.234018623750745
sooth,4.234013538225063
frown,4.233757147060404
aglow,4.233731480654307
brass,4.2334599862821465
found,4.231873958717437
bible,4.231796607072277
radii,4.229385447953319
grill,4.228267706024871
oxide,4.227207724172724
using,4.22614796715197
stuck,4.225212516742947
gipsy,4.225065214156139
blink,4.223387644110829
motor,4.221229407157674
privy,4.221207825562731
dryer,4.220506939208276
merge,4.2198092589132035
loyal,4.219614994716148
ahead,4.218466755350224
rower,4.2181534312111255
creek,4.217855383493472
limbo,4.216790354793332
honor,4.213348188766082
thick,4.212104333209379
stump,4.2115078505544705
empty,4.211131360476781
alloy,4.210577353596344
renew,4.210410623108206
bingo,4.209541190800366
sooty,4.206949425313547
stout,4.2062809631112845
cacti,4.205784498558303
topaz,4.204077894011521
waxen,4.203520890337992
flack,4.202813661150771
stash,4.202087265992271
young,4.2017148957350825
havoc,4.20119105266454
wound,4.200126994249595
parry,4.200067296378076
shock,4.199978681833908
odder,4.1990230285403705
agape,4.197834244324861
sulky,4.196609710639429
umbra,4.196499153264162
pasta,4.195415189047408
leech,4.193834838380983
wharf,4.193083737744269
iliac,4.192225064595211
fixer,4.190500725637171
fling,4.189357574792616
pesky,4.188752992923579
eking,4.188612322798853
sheep,4.186939072152091
frock,4.184702818285345
envoy,4.184300116155613
snuck,4.1822131172136165
mulch,4.181805391839186
revel,4.180850437715332
punch,4.180129716874488
dross,4.1792529861873495
fella,4.178323058378549
rowdy,4.178187052013137
dwarf,4.178001273343427
dough,4.175853879352772
lilac,4.174356113338145
witch,4.17354580284343
gecko,4.1723869819481285
colon,4.17121717169277
robot,4.170283864536765
fudge,4.170033928344011
crumb,4.169409253480548
gulch,4.168295094263088
sieve,4.168241774449888
etude,4.167848230146944
blown,4.167831247494758
glass,4.166325132905046
rarer,4.165534654973734
rigor,4.165063213488777
harry,4.163552936084094
might,4.163090087748267
focus,4.162892290032576
obese,4.162099712572182
banal,4.161946642402428
catty,4.160282419594892
dingy,4.15949338218077
valve,4.15824430441922
vapid,4.156810588677777
swing,4.156478713844655
fleck,4.155307797689475
await,4.155232722698615
lever,4.154865372120103
basal,4.153427560139784
zesty,4.151235253688886
opium,4.150736146151554
truth,4.150571747620306
speed,4.149928880529126
quota,4.148352188353153
showy,4.147982158676559
clump,4.147810929015318
sloop,4.147408055513027
annul,4.146912309730021
butte,4.146034793156574
reedy,4.144552634969956
slosh,4.144156602811618
silly,4.143535609363107
coach,4.142963051930265
rover,4.142275138815694
swamp,4.141645614818847
plunk,4.140146777922512
freed,4.139566969140848
spill,4.139051322715768
issue,4.1384721023101925
theme,4.138148565371838
newer,4.127909856096874
fatal,4.127194683947427
nerve,4.127146510925021
itchy,4.127125491700651
arrow,4.126451023047488
boost,4.125650725670067
stunt,4.125287559249792
edify,4.1244475882594465
finch,4.1242550262358
vinyl,4.124196238904961
bleed,4.123589402812388
spool,4.1234714577901865
attic,4.122134981192617
block,4.12195764178385
ledge,4.118173263761985
river,4.11658173523917
marry,4.115748030685616
butch,4.114678974384786
wrung,4.113463042392682
merry,4.112447692275976
cycle,4.112335018200402
dying,4.110679874773146
taboo,4.110467770204955
joker,4.110160220146294
sixth,4.109500669651311
seven,4.108350550776749
debug,4.1082541185518995
width,4.107829390398196
flaky,4.106902050629257
heave,4.104605252264941
smock,4.1037047157420385
pique,4.103170556943236
gouge,4.102867598210997
toxic,4.101117981463156
munch,4.098533522282221
winch,4.097861968100199
essay,4.097487227217696
ficus,4.097341859140195
seedy,4.09729535091563
canny,4.0965367034864135
kneel,4.096297433057929
sixty,4.0952105119881566
eerie,4.09446915316059
beget,4.092743762781737
blimp,4.09257047394093
swell,4.088197346853587
catch,4.087590714274903
bless,4.086105995398611
enema,4.085825567584582
spunk,4.085422318302703
downy,4.085175584287835
stood,4.083686938403262
mania,4.083248294727109
query,4.082769684683696
fence,4.081823069221605
flail,4.081303611533374
frill,4.08125883077771
moron,4.0807415933085345
drama,4.080409517826298
where,4.080226664127556
cabal,4.078469289797354
again,4.0773483501283385
spiky,4.07647994538612
annoy,4.076465021640189
whiny,4.076400469170038
gross,4.075496506654496
gooey,4.07384715949703
curvy,4.0685464021054525
quasi,4.06741915046641
index,4.06741339293326
floor,4.067134165528759
flown,4.066534333877818
berry,4.0635808526737245
humid,4.061882435443576
defer,4.060670759862168
junta,4.058748538380428
bleep,4.056242668526206
conic,4.054281297418572
upper,4.053671191971141
never,4.052474519229918
limit,4.050651364071185
bunch,4.04941475827072
mecca,4.049229012080227
koala,4.04819372752809
fritz,4.047449206670754
quake,4.04640151327137
udder,4.046076064961816
dally,4.044400768762157
afoot,4.044384652783427
usual,4.044197002188672
seize,4.043025413727856
druid,4.042924120165372
imply,4.042352386730608
ditto,4.042218888130186
pluck,4.037584460125812
bough,4.033742348636839
augur,4.030857031991591
patty,4.03050447463605
quash,4.03047322834
revue,4.02697708402025
thump,4.026672896140539
dodge,4.025333464275118
owing,4.0247096637013815
stoop,4.022866339688894
idiot,4.022713845042219
hatch,4.022043397715465
tenet,4.020934065584708
chill,4.01934714075123
adapt,4.0190575384445015
tibia,4.018885294751821
crack,4.018877987832602
smoky,4.018366037667175
krill,4.016202922350041
unify,4.015642755700921
petty,4.015208346419254
filmy,4.014470472251246
spoon,4.0108963219642275
droop,4.010392762499133
flock,4.009434298599809
flick,4.007700747116842
pushy,4.006550973030946
fight,4.006451131104309
amiss,4.0043492647772245
aloof,4.003169717329365
bylaw,4.001328603058933
shuck,3.9991496657513435
snoop,3.995564491177266
pubic,3.9943057362058507
milky,3.993871797593017
waltz,3.9919251427330753
rumor,3.991239492820702
pinky,3.988431831757822
vouch,3.9862397172925945
blitz,3.9839633325460824
proxy,3.9829234175989154
flung,3.982333714750773
chess,3.98116896535287
larva,3.9804172393024118
wight,3.9776362505193243
windy,3.9773568321381534
basis,3.9768094669749194
fishy,3.975850416552759
awful,3.974704597829699
axiom,3.9742839703481203
avail,3.9704242062164186
abbot,3.9682667223047465
rugby,3.9668839960004965
wheel,3.9660241038950597
gloss,3.965866919948186
junto,3.9645171043369034
wispy,3.9623981771319703
evade,3.9605314421817432
union,3.9605140384179545
squad,3.959553627484009
tweed,3.9570694173835195
ferry,3.957040881799814
modem,3.955663664692699
undue,3.9516118358691728
lumpy,3.9506951628462628
award,3.9484792491253575
ionic,3.9465939708416
brood,3.945562964748775
chunk,3.9439894432650133
alibi,3.9428702634731754
sully,3.940717477078063
mushy,3.939599977844699
verge,3.9354861619865735
teddy,3.935009009026571
gaffe,3.9330844314469062
murky,3.932904012584094
penny,3.9323247085026445
swung,3.93214372497188
slush,3.931518334888096
ninth,3.9292040155018153
guess,3.9251927129432613
glyph,3.923984890029899
bliss,3.9239045328865574
swill,3.9236396441507617
rabbi,3.9229516635868507
sense,3.92212919249986
skimp,3.922124476576423
twist,3.922065504424048
curry,3.919230639279032
sappy,3.917365576192899
abbey,3.9148050966194687
qualm,3.913935795491632
crook,3.9132158305178066
ennui,3.9127404751094415
offer,3.911465991653783
elegy,3.909287896716138
banjo,3.908646931967981
vixen,3.907455018640593
furor,3.9061087701493333
batty,3.905891792365524
enjoy,3.904534328652849
quoth,3.9033830873068047
delve,3.9016844193834537
needy,3.8999138265364657
occur,3.8963396869163103
skill,3.896266266809175
flunk,3.8960963748567923
gassy,3.8958327078069446
comfy,3.895166872148411
pagan,3.894287067381431
allow,3.8935132540662423
lucky,3.8930608300731304
venue,3.892163792107771
smash,3.8911831656368636
belly,3.8890589721550253
sweep,3.8887208178046686
bushy,3.8835656998095365
quark,3.8830745419801365
dolly,3.882922481356505
thumb,3.882187798336465
event,3.876748103367402
coyly,3.8763283589541677
weave,3.872472915366999
awake,3.8720815110009146
roomy,3.8720168757056106
razor,3.8712702185628136
dandy,3.8710873982301752
parka,3.86959661287144
clack,3.8685932846608067
sunny,3.8637170186573098
going,3.8611745926308876
whisk,3.8609145731690178
ember,3.8605815467142586
conch,3.858818288341316
exile,3.8586214197280024
avian,3.854071788295959
plumb,3.8522343190144994
staff,3.8521105842663386
duchy,3.8510637797700893
pupil,3.848309155747385
exert,3.8482722818592725
hedge,3.848214205424954
chili,3.846040857390107
error,3.8460047293001205
bawdy,3.844010082913479
fungi,3.8395499274693035
holly,3.8394459953113214
condo,3.839209618962091
dilly,3.836718387047166
picky,3.834057001638382
groom,3.8334888212970766
naval,3.832979535067827
theft,3.831960813804201
whack,3.8303723032100194
scoop,3.829445943687549
ditty,3.829271032922555
chump,3.827460832474909
gayly,3.827207771211915
crock,3.823720361667819
nylon,3.822780072155966
folio,3.8213447217647074
aging,3.8205165075582572
rigid,3.818224537308516
vodka,3.817525394495411
crick,3.8156497566672294
comma,3.8108214525848148
dryly,3.8080956374478943
dusky,3.8080340416687046
hitch,3.8078421969361305
beech,3.8069044868131128
spasm,3.8067854491371422
alpha,3.8053303481563923
floss,3.805111967236795
awash,3.8046851969229984
swoon,3.8044372665644723
booth,3.8029860914312574
photo,3.80295432212709
apply,3.802292175787239
fatty,3.8022149635271036
annex,3.802000420473347
digit,3.801622305087633
toddy,3.8007905038373067
equip,3.800201449124108
hilly,3.7963807534348266
golly,3.7960683083448763
loopy,3.795806465603188
epoxy,3.7937228071501115
husky,3.793130959279623
blood,3.7931297703714852
lymph,3.7928844014706313
fewer,3.7915220536580403
kneed,3.791157522158183
dwell,3.787201301138024
hunky,3.786901337745574
fauna,3.786702495145635
leggy,3.7864861768731246
broom,3.785561051616404
tabby,3.7851999060926476
worry,3.784676735707959
cinch,3.783848681207521
wacky,3.7838387095641983
icily,3.782114111758096
caddy,3.7772156240735746
howdy,3.775766631949046
booty,3.7749352961713627
jerky,3.771734102542423
villa,3.770972130419165
visit,3.7701932030786294
judge,3.768642169344611
proof,3.7670938508592373
tepee,3.7655558956478994
knoll,3.763960378254399
timid,3.762545509461429
pudgy,3.762282141738663
rotor,3.7600674728266386
hurry,3.7591795330381776
bevel,3.7572736031421345
cheek,3.755445269182506
couch,3.754597683010832
lipid,3.750268378370554
kiosk,3.7492952263564057
vying,3.7461891159268808
bulky,3.7442739589970793
swash,3.7420500242423227
blurb,3.7408225433940143
uncut,3.737906451625247
karma,3.733919829630334
enemy,3.7335295450352977
mossy,3.731209087713914
fanny,3.7308706618975735
queer,3.7301808750706287
outdo,3.729873536729098
musky,3.7294619533923186
comic,3.726559662688956
nutty,3.7231543212367804
quirk,3.7183983492958017
dumpy,3.7177286635860924
fever,3.714976834649162
soggy,3.7065779142912194
tight,3.705481470109487
gumbo,3.704911628015831
melee,3.7039927033926094
radar,3.7024106213706887
bitty,3.6993754461011683
pooch,3.699259078950675
manga,3.698893515141593
billy,3.6959446041112107
axial,3.695883240929152
salsa,3.6943399424653873
array,3.693708981707462
missy,3.6927128618541736
gloom,3.692364830905008
thigh,3.690240187281961
amaze,3.6873070922744566
ozone,3.686726230576858
juicy,3.686080207616291
usurp,3.6849457404772505
shyly,3.682084225875463
every,3.681043589398856
skull,3.6805887963482684
fjord,3.678369783672136
igloo,3.677183808817921
flood,3.6739586372920896
bossy,3.673239170418049
geese,3.6726110839942883
taffy,3.6715814215242406
clock,3.6698989704662592
click,3.668935082535894
brook,3.6681933802451283
offal,3.6662043123181185
stiff,3.661786745969594
nymph,3.6527648889134756
polyp,3.6521663676764957
wimpy,3.650333098776912
wooly,3.6477730404421256
shook,3.6470129592440603
gawky,3.6450584651430935
penne,3.641677521520126
teeth,3.641261378783388
cynic,3.640558647496351
dully,3.6384400389666665
paddy,3.6379506588237884
outgo,3.6352863280646774
civil,3.6326885411965097
bloom,3.63239891129306
sushi,3.6319997847546626
sniff,3.6282954965083682
folly,3.6272519673448103
kebab,3.6256703767392784
hutch,3.622727172645626
belle,3.6186792563692007
putty,3.6127808248092395
lupus,3.6099681166950637
wedge,3.6092767155026118
mafia,3.6042010511081126
ruddy,3.6025299196960034
cliff,3.596921924853848
idyll,3.591975783244679
freer,3.5918081286638732
knack,3.590442223493251
cabby,3.590161025913723
squib,3.589559503101692
forgo,3.5882093013292105
undid,3.5876441199809643
inbox,3.586148897584356
abyss,3.585861005392947
filly,3.577245616332706
savvy,3.577190257424438
queen,3.5752009761843104
pixie,3.5733873019811635
funky,3.571314464093459
oddly,3.567684425222524
rajah,3.565454053058263
witty,3.565012363228115
hippo,3.564016553585053
happy,3.562920253485222
willy,3.5620530421149357
fugue,3.5601163163104648
spook,3.5577450799623622
furry,3.557446580350821
mucky,3.5561755784412243
hunch,3.552766471119917
quack,3.5523679776258463
swish,3.5514175727980994
skulk,3.5488197529214247
hussy,3.548184686861212
myrrh,3.547374957649693
gully,3.5470898864595553
swoop,3.544256311979048
unzip,3.543866856956048
wryly,3.5426264930743336
lobby,3.5416194038449724
mambo,3.537601765938955
weedy,3.5356661270076484
kitty,3.533280088684216
lowly,3.531610118786175
excel,3.5223376120941623
idiom,3.522038829733804
spoof,3.5171550340517355
bezel,3.515525081360428
eject,3.5152092558515236
embed,3.5095773380360793
bosom,3.508782717578601
quell,3.5069825711930402
goody,3.5059523186670845
juror,3.4973725719251516
moody,3.4957843527473624
tatty,3.4956459708351773
refer,3.4903345449663505
cacao,3.4894725235955715
icing,3.4890474012396098
pulpy,3.4860483727555556
bully,3.4850518474083017
chaff,3.4760365660582
evoke,3.4749832481255596
booze,3.4721185583314487
scoff,3.467156673424737
bongo,3.4647318425384332
tweet,3.4637064706704996
allay,3.4594762713738945
macaw,3.459280868601474
fifth,3.457968646063063
khaki,3.4503423857490017
cluck,3.448538715872054
cubic,3.4466248909179305
livid,3.445987039487338
skunk,3.4452433007212355
check,3.4444172506616737
geeky,3.4412411340445144
stuff,3.4399992119291216
fifty,3.43891085401449
beefy,3.4341903629136903
papal,3.4302217111349234
baggy,3.4221765442197722
expel,3.41689668503275
dodgy,3.4128984187098967
tooth,3.4124700004818047
plump,3.4105591217933338
knock,3.4099562286198712
plaza,3.4076150682745276
bunny,3.405810441973925
snuff,3.40369675872946
aback,3.4022274448311327
quick,3.3862475750680905
vigil,3.3844547017231665
jetty,3.3777724686278754
fully,3.3774351933610065
jelly,3.376443387240757
widow,3.3762566615267744
ovoid,3.374427130867274
mucus,3.373814528313038
cocoa,3.3642541597050752
guava,3.3623652897730834
hippy,3.357558451568085
quill,3.3446790577864944
sassy,3.339979251138612
giddy,3.3392984036210587
verve,3.336493216004211
onion,3.3362908024470785
fussy,3.32809255462412
chock,3.32494650564748
woody,3.323379542768234
jewel,3.3228606442362176
piggy,3.3214869557090174
gruff,3.32060323968019
llama,3.3086272286591343
chick,3.3069005365659114
biddy,3.3036077975590725
buxom,3.302559025392815
funny,3.2999859596971604
emcee,3.2984823601562887
level,3.2952391540390154
nanny,3.2938724398004586
which,3.2920220148837207
humus,3.2912634205663696
kinky,3.291169320848659
amass,3.281422385361168
ninja,3.276651635806732
whoop,3.2728679712787567
hobby,3.270345526496661
goofy,3.2677316907674245
assay,3.230379467821801
jolly,3.2256770719092778
maxim,3.194394886820844
dowdy,3.1895532802817197
gypsy,3.188570514317215
motto,3.1741600817110305
foggy,3.153763685081702
dummy,3.146182480727198
slyly,3.1446959901510274
muddy,3.1435452387235334
jumbo,3.1430500216654784
skiff,3.143008205258218
sissy,3.12748285967821
bluff,3.1068352527184318
known,3.1067669298245146
buddy,3.1011996867297387
chuck,3.1011500020776
guppy,3.095098387245867
humph,3.092190946443083
jumpy,3.058014443788169
ninny,3.055892007604746
gummy,3.0535550797373245
twixt,3.041814393160717
pizza,3.0377424451870816
madam,3.0292102216839027
daddy,3.0110192178360924
buggy,3.0002100415601114
femme,2.9904289816362626
shush,2.973348388545758
minim,2.9729156250944704
puffy,2.923599345149651
whiff,2.8943403409427724
mammy,2.8878715899631473
gamma,2.8639300917920583
boozy,2.8607857672011785
magma,2.844235692592634
affix,2.8367519625228974
pygmy,2.8170115958590327
kayak,2.8108288946669875
poppy,2.8000691991271913
mimic,2.778925863884129
booby,2.774881692401287
dizzy,2.760454764740031
queue,2.742918810026979
woozy,2.7315010447507575
kappa,2.703760509861241
civic,2.6072475889985354
bobby,2.5984717178849692
puppy,2.5513025879624034
fluff,2.547650000424996
fizzy,2.5060473230811153
vivid,2.495467651960352
jiffy,2.490999833634512
mummy,2.4709251406294475
jazzy,2.3087916760795677
fuzzy,2.3043604641411792
mamma,2.2687228440411724
